Company_Name,Email,Website,City,Industry
TechNova Solutions,info@technova.com,www.technova.com,Mumbai,IT
Skyline Pvt Ltd,,www.skyline.in,Delhi,Finance
BlueWave Technologies,contact@bluewave.com,www.bluewave.com,Bangalore,Software
UrbanEdge Corp,hello@urbanedge.com,www.urbanedge.com,Pune,Marketing
NextGen Systems,,www.nextgen.in,Ahmedabad,IT
BrightPath Solutions,support@brightpath.com,www.brightpath.com,Chennai,Education
VisionTech Ltd,,www.visiontech.com,Hyderabad,Software
Apex Innovations,info@apex.com,www.apex.com,Delhi,Manufacturing
CloudSync Pvt Ltd,admin@cloudsync.com,www.cloudsync.com,Mumbai,Cloud Computing
EliteSoft Technologies,,www.elitesoft.in,Pune,IT
FutureLink Corp,contact@futurelink.com,www.futurelink.com,Jaipur,Telecom
GreenLeaf Pvt Ltd,,www.greenleaf.in,Surat,Agriculture
PixelCraft Technologies,hello@pixelcraft.com,www.pixelcraft.com,Bangalore,Design
SmartBridge Solutions,,www.smartbridge.com,Kolkata,Consulting
InnoByte Systems,info@innobyte.com,www.innobyte.com,Mumbai,Software
CoreAxis Pvt Ltd,,www.coreaxis.in,Delhi,Finance
RapidTech Solutions,support@rapidtech.com,www.rapidtech.com,Ahmedabad,IT
PrimeWave Corp,,www.primewave.com,Chennai,Healthcare
ZenithSoft Ltd,contact@zenithsoft.com,www.zenithsoft.com,Pune,Software
AlphaEdge Systems,,www.alphaedge.in,Bangalore,IT
BrightVision Pvt Ltd,admin@brightvision.com,www.brightvision.com,Mumbai,Marketing
FusionTech Corp,,www.fusiontech.com,Delhi,Software
Innovexa Solutions,hello@innovexa.com,www.innovexa.com,Hyderabad,IT
Vertex Systems,,www.vertexsystems.in,Ahmedabad,Manufacturing
DigitalNest Pvt Ltd,info@digitalnest.com,www.digitalnest.com,Pune,Digital Media
Orbit Technologies,,www.orbittech.com,Jaipur,Telecom
NexaCore Solutions,contact@nexacore.com,www.nexacore.com,Mumbai,IT
QuantumEdge Pvt Ltd,,www.quantumedge.in,Bangalore,Software
SilverLine Corp,support@silverline.com,www.silverline.com,Delhi,Finance
LogicSphere Technologies,,www.logicsphere.in,Pune,IT
CodeFusion Systems,info@codefusion.com,www.codefusion.com,Chennai,Software
BrightFuture Pvt Ltd,,www.brightfuture.in,Hyderabad,Education
AstraTech Solutions,admin@astratech.com,www.astratech.com,Mumbai,IT
NovaBridge Corp,,www.novabridge.com,Delhi,Consulting
EliteWave Technologies,hello@elitewave.com,www.elitewave.com,Bangalore,Software
DataHive Systems,,www.datahive.in,Pune,Analytics
CloudMatrix Pvt Ltd,contact@cloudmatrix.com,www.cloudmatrix.com,Ahmedabad,Cloud Computing
SoftSync Technologies,,www.softsync.in,Jaipur,Software
CyberNova Corp,info@cybernova.com,www.cybernova.com,Mumbai,Cybersecurity
SmartCore Solutions,,www.smartcore.com,Delhi,IT
TechSphere Pvt Ltd,support@techsphere.com,www.techsphere.com,Hyderabad,Software
Visionary Systems,,www.visionary.in,Chennai,Healthcare
FutureAxis Technologies,admin@futureaxis.com,www.futureaxis.com,Bangalore,IT
InspireTech Corp,,www.inspiretech.com,Pune,Marketing
BrightCode Solutions,hello@brightcode.com,www.brightcode.com,Mumbai,Software
UrbanTech Pvt Ltd,,www.urbantech.in,Delhi,Smart City
NextWave Systems,contact@nextwave.com,www.nextwave.com,Ahmedabad,Telecom
AlphaNova Technologies,,www.alphanova.in,Bangalore,IT
PixelWave Corp,info@pixelwave.com,www.pixelwave.com,Pune,Design
DataBridge Pvt Ltd,,www.databridge.in,Hyderabad,Analytics
RapidNova Solutions,support@rapidnova.com,www.rapidnova.com,Mumbai,IT